 Exchange Rate USD/BTC, Daily Change,Persent % per day, Yearly
" 44,063.93 ", 474.4000  1.09% ,1.09%, 310.13% 
 Exchange Rate USD/BTC, Daily Change,Persent % per day, Yearly
" 44,063.93 ", 474.4000  1.09% ,1.09%, 310.13% 
 Exchange Rate USD/BTC, Daily Change,Persent % per day, Yearly
" 44,063.93 ", 474.4000  1.09% ,1.09%, 310.13% 
 Exchange Rate USD/BTC, Daily Change,Persent % per day, Yearly
" 44,063.93 ", 474.4000  1.09% ,1.09%, 310.13% 
 Exchange Rate USD/BTC, Daily Change,Persent % per day, Yearly
" 44,067.11 ", 477.5800  1.10% ,1.10%, 310.15% 
